Wow, I slept like a rock!
Wow, I slept very deeply!
Time for breakfast!
Time for breakfast!
Mmm, this is delicious.
Mmm, esto está delicioso.
Ready to tackle the day!
Ready to tackle the day!
Bye! Have a great day!
Goodbye! Have a wonderful day!
Ugh, this doesn’t taste right.
Ugh, this doesn’t taste right.
Something's not sitting well...
It seems that something is bothering you or causing discomfort. If you’d like to share more details, feel free to do so.
Oh no, I can't believe this!
Oh no, I can't believe this!
I guess it’s just one of those days.
I guess it's just one of those days.
What's going on down here?
It seems like you're asking about a situation or event. Could you provide more context or specify what you mean by "down here"? 2W1VXBaWnPXICnxklKXAOw7TO
I’ll take care of this mess.
I’ll take care of this mess.
This mop’s my best friend right now.
This mop is my best friend right now.
Look at all this luggage!
Look at all this luggage!
Everything seems in order here.
Everything seems in order here.
Here you go, just as we discussed.
Here you go, just as we discussed.
Just a moment, please.
Just a moment, please.
Can you open your suitcase?
Can you open your suitcase?
Thank you, enjoy your trip!
Thank you, enjoy your trip!
I’m ready for a walk.
I’m ready for a walk.
Is that a squirrel?
¿Es eso una ardilla?
Come back!
Come back!
This dog has its own plans!
This dog has its own plans!
I can’t believe it’s still running!
I can’t believe it’s still running!
Here, catch your breath!
Here, take a moment to rest!
Why is this happening to me?
Why is this happening to me?
Goodbye, cruel world…
Goodbye, cruel world… 2W1VXBaWnPXICnxklKXAOw7TO
I can’t believe we lost him.
I can’t believe we lost him.
Is he... back?
Is he... back?
Time for the ritual.
Time for the ritual.
It’s working!
It’s working!
I brought you these.
I brought you these.
Giddy up, let’s go!
Giddy up, let’s go!
Whoa!
Whoa!
Ouch! That hurt!
Ouch! That hurt!
What is that? A demon?
¿Eso qué es? ¿Un demonio?
I must save everyone!
I must save everyone!
The power of light compels you!
The power of light compels you!
I think we’ve got it.
I think we’ve got it.
Are you okay?
I'm just a computer program, so I don't have feelings, but I'm here to help you! How can I assist you today?
Let’s celebrate!
Let’s celebrate!
I knew they’d come through!
I knew they'd come through!
What an unexpected turn of events!
What an unexpected turn of events!
I’ll keep my distance.
I’ll keep my distance.
Here’s a little something for you.
Here's a little something for you. 2W1VXBaWnPXICnxklKXAOw7TO
Whoa, this is too much!
Whoa, this is too much!
I can't believe I’m still alive!
I can't believe I'm still alive!
No, stay away, I can't...
No, stay away, I can't...
I must keep fighting for justice!
I must keep fighting for justice!
There’s an offer on the table!
There’s an offer on the table!
This deal isn't right!
This deal isn't right!
Have you lost your mind?
Have you lost your mind?
That’s low, even for you.
That's low, even for you.
I don't take bribes!
I don't take bribes!
Why are you running away?
Why are you running away?
Seriously? Right here?
Seriously? Right here?
What are you thinking?
I don't have thoughts or feelings, but I'm here to assist you! How can I help you today?
Good boy, aren’t you?
Good boy, aren’t you?
That is disgusting!
That is disgusting!
Ugh, I can’t believe this.
Ugh, I can’t believe this.
Stop! Don’t run!
Stop! Don’t run!
Hold on!
Hold on!
I’ll get you for this!
I'll get you for this!
Where did that dog go?
Where did that dog go?
This is ridiculous!
This is ridiculous!
I can play dirty too!
I can play dirty too!
Not today, buddy!
Not today, buddy!
Why does this keep happening?
Why does this keep happening?
scheming
The word "scheming" in English refers to the act of making secret or devious plans. It can also describe a person who is involved in deceitful or manipulative strategies.
practicing law
practicing law
making an offer
making an offer
making demands
Making demands
making an unscrupulous offer
Making an unscrupulous offer
levelling accusations
"Levelling accusations" translates to making allegations or claims against someone.
offering a bribe
Offering a bribe
filled with righteous fury
filled with righteous anger
running away
running away
stepping over dog poop
stepping over dog poop
walking a dog
Walking a dog
angrily pointing at dog poop
angrily pointing at dog poop
rewarding dog with a treat
Rewarding a dog with a treat.
slinging poop
Slinging poop
releasing the dog
releasing the dog
running off
"Running off"
angrily swinging baguette as a club
angrily swinging a baguette like a club
running away
"Running away"
chasing with an axe
Chasing with an axe
holding skull as if Hamlet
Holding a skull as if in the style of Hamlet.
